-- phpMyAdmin SQL Dump
-- version 5.1.1
-- https://www.phpmyadmin.net/
--
-- Host: 127.0.0.1
-- Generation Time: Jun 11, 2022 at 06:00 PM
-- Server version: 10.4.22-MariaDB
-- PHP Version: 7.4.27

SET SQL_MODE = "NO_AUTO_VALUE_ON_ZERO";
START TRANSACTION;
SET time_zone = "+00:00";


/*!40101 SET @OLD_CHARACTER_SET_CLIENT=@@CHARACTER_SET_CLIENT */;
/*!40101 SET @OLD_CHARACTER_SET_RESULTS=@@CHARACTER_SET_RESULTS */;
/*!40101 SET @OLD_COLLATION_CONNECTION=@@COLLATION_CONNECTION */;
/*!40101 SET NAMES utf8mb4 */;

--
-- Database: `gs_notes_app`
--
CREATE DATABASE IF NOT EXISTS `gs_notes_app` DEFAULT CHARACTER SET utf8mb4 COLLATE utf8mb4_general_ci;
USE `gs_notes_app`;

-- --------------------------------------------------------

--
-- Table structure for table `cadreadministrateur`
--

CREATE TABLE `cadreadministrateur` (
  `grade` varchar(255) DEFAULT NULL,
  `idCardreAdmin` bigint(20) NOT NULL
) ENGINE=InnoDB DEFAULT CHARSET=utf8mb4;

--
-- Dumping data for table `cadreadministrateur`
--

INSERT INTO `cadreadministrateur` (`grade`, `idCardreAdmin`) VALUES
('gradeeee', 8),
('Admin 2eme grade', 12);

-- --------------------------------------------------------

--
-- Table structure for table `compte`
--

CREATE TABLE `compte` (
  `idCompte` bigint(20) NOT NULL,
  `accepteDemandeAutorisationAbsence` bit(1) NOT NULL,
  `accountNonExpired` bit(1) NOT NULL,
  `accountNonLocked` bit(1) NOT NULL,
  `afficheEmail` bit(1) NOT NULL,
  `affichePhoto` bit(1) NOT NULL,
  `credentialsNonExpired` bit(1) NOT NULL,
  `disconnectAccount` bit(1) NOT NULL,
  `enabled` bit(1) NOT NULL,
  `login` varchar(255) DEFAULT NULL,
  `password` varchar(255) DEFAULT NULL,
  `idUtilisateur` bigint(20) DEFAULT NULL,
  `idRole` bigint(20) DEFAULT NULL
) ENGINE=InnoDB DEFAULT CHARSET=utf8mb4;

--
-- Dumping data for table `compte`
--

INSERT INTO `compte` (`idCompte`, `accepteDemandeAutorisationAbsence`, `accountNonExpired`, `accountNonLocked`, `afficheEmail`, `affichePhoto`, `credentialsNonExpired`, `disconnectAccount`, `enabled`, `login`, `password`, `idUtilisateur`, `idRole`) VALUES
(8, b'0', b'1', b'1', b'0', b'0', b'1', b'0', b'1', 'admin', '{bcrypt}$2a$10$vsjRwUSUi2B/jlw4ATXEN.B2IIcVY8ourImFZnWcW1tLz3G6mLfpe', 8, 1),
(9, b'0', b'1', b'1', b'0', b'0', b'1', b'0', b'1', 'prof', '{bcrypt}$2a$10$vsjRwUSUi2B/jlw4ATXEN.B2IIcVY8ourImFZnWcW1tLz3G6mLfpe', 9, 2),
(12, b'0', b'1', b'1', b'0', b'0', b'1', b'0', b'1', 'student', '{bcrypt}$2a$10$vsjRwUSUi2B/jlw4ATXEN.B2IIcVY8ourImFZnWcW1tLz3G6mLfpe', 11, 4),
(13, b'0', b'1', b'1', b'0', b'0', b'1', b'0', b'1', 'cadre_admin', '{bcrypt}$2a$10$vsjRwUSUi2B/jlw4ATXEN.B2IIcVY8ourImFZnWcW1tLz3G6mLfpe', 11, 3),
(14, b'0', b'1', b'1', b'0', b'0', b'1', b'0', b'1', 'biblio', '{bcrypt}$2a$10$vsjRwUSUi2B/jlw4ATXEN.B2IIcVY8ourImFZnWcW1tLz3G6mLfpe', 12, 5);

-- --------------------------------------------------------

--
-- Table structure for table `element`
--

CREATE TABLE `element` (
  `idMatiere` bigint(20) NOT NULL,
  `code` varchar(255) DEFAULT NULL,
  `currentCoefficient` double NOT NULL,
  `nom` varchar(255) DEFAULT NULL,
  `idModule` bigint(20) DEFAULT NULL
) ENGINE=InnoDB DEFAULT CHARSET=utf8mb4;

--
-- Dumping data for table `element`
--

INSERT INTO `element` (`idMatiere`, `code`, `currentCoefficient`, `nom`, `idModule`) VALUES
(1, 'ss', 5, 'Spring', 4),
(2, 'sp 2', 0.7, 'Spring 2', 4),
(3, 'j1', 0.7, 'java 1', 6);

-- --------------------------------------------------------

--
-- Table structure for table `enseignant`
--

CREATE TABLE `enseignant` (
  `specialite` varchar(255) DEFAULT NULL,
  `idEnseignant` bigint(20) NOT NULL
) ENGINE=InnoDB DEFAULT CHARSET=utf8mb4;

--
-- Dumping data for table `enseignant`
--

INSERT INTO `enseignant` (`specialite`, `idEnseignant`) VALUES
('ML', 8),
('math', 10),
('algebre', 11);

-- --------------------------------------------------------

--
-- Table structure for table `etudiant`
--

CREATE TABLE `etudiant` (
  `cne` varchar(255) DEFAULT NULL,
  `dateNaissance` datetime(6) DEFAULT NULL,
  `idEtudiant` bigint(20) NOT NULL
) ENGINE=InnoDB DEFAULT CHARSET=utf8mb4;

--
-- Dumping data for table `etudiant`
--

INSERT INTO `etudiant` (`cne`, `dateNaissance`, `idEtudiant`) VALUES
('aaaa', NULL, 9),
('dsqd', NULL, 11);

-- --------------------------------------------------------

--
-- Table structure for table `filiere`
--

CREATE TABLE `filiere` (
  `idFiliere` bigint(20) NOT NULL,
  `anneeFinaccreditation` int(11) NOT NULL,
  `anneeaccreditation` int(11) NOT NULL,
  `codeFiliere` varchar(255) DEFAULT NULL,
  `titreFiliere` varchar(255) DEFAULT NULL,
  `idEnseignant` bigint(20) DEFAULT NULL
) ENGINE=InnoDB DEFAULT CHARSET=utf8mb4;

--
-- Dumping data for table `filiere`
--

INSERT INTO `filiere` (`idFiliere`, `anneeFinaccreditation`, `anneeaccreditation`, `codeFiliere`, `titreFiliere`, `idEnseignant`) VALUES
(4, 2022, 2008, 'gi', 'genie informatique', 11),
(8, 2026, 2022, 'GIND', 'genie industrielle', 11),
(15, 4812, 3526, 'GINn', 'genie informatique', 11),
(19, 8658, 4789, 'GINn', 'genie informatiquehui', 10);

-- --------------------------------------------------------

--
-- Table structure for table `inscriptionannuelle`
--

CREATE TABLE `inscriptionannuelle` (
  `idInscription` bigint(20) NOT NULL,
  `annee` int(11) NOT NULL,
  `etat` int(11) NOT NULL,
  `mention` varchar(255) DEFAULT NULL,
  `plusInfos` varchar(255) DEFAULT NULL,
  `rang` int(11) NOT NULL,
  `type` varchar(255) DEFAULT NULL,
  `validation` varchar(255) DEFAULT NULL,
  `idEtudiant` bigint(20) DEFAULT NULL,
  `idNiveau` bigint(20) DEFAULT NULL
) ENGINE=InnoDB DEFAULT CHARSET=utf8mb4;

-- --------------------------------------------------------

--
-- Table structure for table `inscriptionmatiere`
--

CREATE TABLE `inscriptionmatiere` (
  `idInscriptionMatiere` bigint(20) NOT NULL,
  `coefficient` double NOT NULL,
  `noteFinale` double NOT NULL,
  `noteSN` double NOT NULL,
  `noteSR` double NOT NULL,
  `plusInfos` varchar(255) DEFAULT NULL,
  `validation` varchar(255) DEFAULT NULL,
  `idInscription` bigint(20) DEFAULT NULL,
  `idMatiere` bigint(20) DEFAULT NULL
) ENGINE=InnoDB DEFAULT CHARSET=utf8mb4;

-- --------------------------------------------------------

--
-- Table structure for table `inscriptionmodule`
--

CREATE TABLE `inscriptionmodule` (
  `idInscriptionModule` bigint(20) NOT NULL,
  `noteFinale` double NOT NULL,
  `noteSN` double NOT NULL,
  `noteSR` double NOT NULL,
  `plusInfos` varchar(255) DEFAULT NULL,
  `validation` varchar(255) DEFAULT NULL,
  `idInscription` bigint(20) DEFAULT NULL,
  `idModule` bigint(20) DEFAULT NULL
) ENGINE=InnoDB DEFAULT CHARSET=utf8mb4;

-- --------------------------------------------------------

--
-- Table structure for table `module`
--

CREATE TABLE `module` (
  `idModule` bigint(20) NOT NULL,
  `code` varchar(255) DEFAULT NULL,
  `titre` varchar(255) DEFAULT NULL,
  `idEnseignant` bigint(20) DEFAULT NULL,
  `idNiveau` bigint(20) DEFAULT NULL
) ENGINE=InnoDB DEFAULT CHARSET=utf8mb4;

--
-- Dumping data for table `module`
--

INSERT INTO `module` (`idModule`, `code`, `titre`, `idEnseignant`, `idNiveau`) VALUES
(3, 'DL', 'deep learning 2', 11, 6),
(4, 'IL', 'Intilegence learning ', 10, 3),
(6, 'j', 'java', 8, 3);

-- --------------------------------------------------------

--
-- Table structure for table `niveau`
--

CREATE TABLE `niveau` (
  `idNiveau` bigint(20) NOT NULL,
  `alias` varchar(255) DEFAULT NULL,
  `titre` varchar(255) DEFAULT NULL,
  `idFiliere` bigint(20) DEFAULT NULL
) ENGINE=InnoDB DEFAULT CHARSET=utf8mb4;

--
-- Dumping data for table `niveau`
--

INSERT INTO `niveau` (`idNiveau`, `alias`, `titre`, `idFiliere`) VALUES
(3, 'GI2', 'genie informatique 2', 4),
(6, 'GI1', 'genie informatique 1', 4),
(7, 'GI1', 'genie informatique 1', 8),
(8, 'GIN 1', 'genie indistrial 1', 8);

-- --------------------------------------------------------

--
-- Table structure for table `role`
--

CREATE TABLE `role` (
  `idRole` bigint(20) NOT NULL,
  `nomRole` varchar(255) DEFAULT NULL
) ENGINE=InnoDB DEFAULT CHARSET=utf8mb4;

--
-- Dumping data for table `role`
--

INSERT INTO `role` (`idRole`, `nomRole`) VALUES
(1, 'ROLE_ADMIN'),
(2, 'ROLE_PROF'),
(3, 'ROLE_CADRE_ADMIN'),
(4, 'ROLE_STUDENT'),
(5, 'ROLE_BIBLIO');

-- --------------------------------------------------------

--
-- Table structure for table `utilisateur`
--

CREATE TABLE `utilisateur` (
  `idUtilisateur` bigint(20) NOT NULL,
  `cin` varchar(255) DEFAULT NULL,
  `email` varchar(255) DEFAULT NULL,
  `nom` varchar(255) DEFAULT NULL,
  `nomArabe` varchar(255) DEFAULT NULL,
  `photo` varchar(255) DEFAULT NULL,
  `prenom` varchar(255) DEFAULT NULL,
  `prenomArabe` varchar(255) DEFAULT NULL,
  `telephone` varchar(255) DEFAULT NULL
) ENGINE=InnoDB DEFAULT CHARSET=utf8mb4;

--
-- Dumping data for table `utilisateur`
--

INSERT INTO `utilisateur` (`idUtilisateur`, `cin`, `email`, `nom`, `nomArabe`, `photo`, `prenom`, `prenomArabe`, `telephone`) VALUES
(8, 'AAAA', 'tarik@tarik.fr', 'BOUDAA', 'Tarik', NULL, 'Tarik', 'Boudaa', '060000000'),
(9, 'ABnh1', 'med1@med.com', 'BOUDAA', 'med', NULL, 'Mohamed', 'med', '2522255'),
(10, '123', 'jfhgkjh', 'Addam', 'Mohammed', 'Mohammed', 'Mohammed', 'dqdqd', '12589632'),
(11, 'AB', 'email@gmail.com', 'Azahriou', 'azahriou', NULL, 'Fatima', 'Fatima', '12589632'),
(12, 'BBBB', 'karama@karam.fr', 'KARAM', 'KARAM', NULL, 'KARAM', 'KARAM', '0666666666');

--
-- Indexes for dumped tables
--

--
-- Indexes for table `cadreadministrateur`
--
ALTER TABLE `cadreadministrateur`
  ADD PRIMARY KEY (`idCardreAdmin`);

--
-- Indexes for table `compte`
--
ALTER TABLE `compte`
  ADD PRIMARY KEY (`idCompte`),
  ADD KEY `FK4me3b7yms83bsk757qlkk5icm` (`idUtilisateur`),
  ADD KEY `FK6rqvo0g5sv97xlbrragf5rwn3` (`idRole`);

--
-- Indexes for table `element`
--
ALTER TABLE `element`
  ADD PRIMARY KEY (`idMatiere`),
  ADD KEY `FKpy7uud3qt1x365dnkff4f41l8` (`idModule`);

--
-- Indexes for table `enseignant`
--
ALTER TABLE `enseignant`
  ADD PRIMARY KEY (`idEnseignant`);

--
-- Indexes for table `etudiant`
--
ALTER TABLE `etudiant`
  ADD PRIMARY KEY (`idEtudiant`);

--
-- Indexes for table `filiere`
--
ALTER TABLE `filiere`
  ADD PRIMARY KEY (`idFiliere`),
  ADD KEY `FKiq32k3166jl9athnr57bw6p4b` (`idEnseignant`);

--
-- Indexes for table `inscriptionannuelle`
--
ALTER TABLE `inscriptionannuelle`
  ADD PRIMARY KEY (`idInscription`),
  ADD KEY `FKge2xwqtfeqnojw9no8og6vbqn` (`idEtudiant`),
  ADD KEY `FK9lrdmhkam481adiwotdpqo8w` (`idNiveau`);

--
-- Indexes for table `inscriptionmatiere`
--
ALTER TABLE `inscriptionmatiere`
  ADD PRIMARY KEY (`idInscriptionMatiere`),
  ADD KEY `FKdrefbosgrrf561bghbosk681q` (`idInscription`),
  ADD KEY `FK6om7ooil7qy2ipbtocv7hqrwo` (`idMatiere`);

--
-- Indexes for table `inscriptionmodule`
--
ALTER TABLE `inscriptionmodule`
  ADD PRIMARY KEY (`idInscriptionModule`),
  ADD KEY `FK2rp4wu9gg4s1yvbannj858m3c` (`idInscription`),
  ADD KEY `FKsfog581rh033dgomu0u7xywgd` (`idModule`);

--
-- Indexes for table `module`
--
ALTER TABLE `module`
  ADD PRIMARY KEY (`idModule`),
  ADD KEY `FK8gasmkwnlxgdrdk4h8tenvd7n` (`idEnseignant`),
  ADD KEY `FK2kgd6okkiatvq3do7akj1cm2k` (`idNiveau`);

--
-- Indexes for table `niveau`
--
ALTER TABLE `niveau`
  ADD PRIMARY KEY (`idNiveau`),
  ADD KEY `FK9qvkxk4ayqkjopclmlgoel8d9` (`idFiliere`);

--
-- Indexes for table `role`
--
ALTER TABLE `role`
  ADD PRIMARY KEY (`idRole`);

--
-- Indexes for table `utilisateur`
--
ALTER TABLE `utilisateur`
  ADD PRIMARY KEY (`idUtilisateur`),
  ADD UNIQUE KEY `UK_s4m395xkorrxtrdbuk1upglup` (`cin`),
  ADD UNIQUE KEY `UK_35ysk0sh9ruwixrld3nc0weut` (`email`);

--
-- AUTO_INCREMENT for dumped tables
--

--
-- AUTO_INCREMENT for table `compte`
--
ALTER TABLE `compte`
  MODIFY `idCompte` bigint(20) NOT NULL AUTO_INCREMENT, AUTO_INCREMENT=15;

--
-- AUTO_INCREMENT for table `element`
--
ALTER TABLE `element`
  MODIFY `idMatiere` bigint(20) NOT NULL AUTO_INCREMENT, AUTO_INCREMENT=4;

--
-- AUTO_INCREMENT for table `filiere`
--
ALTER TABLE `filiere`
  MODIFY `idFiliere` bigint(20) NOT NULL AUTO_INCREMENT, AUTO_INCREMENT=20;

--
-- AUTO_INCREMENT for table `inscriptionannuelle`
--
ALTER TABLE `inscriptionannuelle`
  MODIFY `idInscription` bigint(20) NOT NULL AUTO_INCREMENT;

--
-- AUTO_INCREMENT for table `inscriptionmatiere`
--
ALTER TABLE `inscriptionmatiere`
  MODIFY `idInscriptionMatiere` bigint(20) NOT NULL AUTO_INCREMENT;

--
-- AUTO_INCREMENT for table `inscriptionmodule`
--
ALTER TABLE `inscriptionmodule`
  MODIFY `idInscriptionModule` bigint(20) NOT NULL AUTO_INCREMENT;

--
-- AUTO_INCREMENT for table `module`
--
ALTER TABLE `module`
  MODIFY `idModule` bigint(20) NOT NULL AUTO_INCREMENT, AUTO_INCREMENT=7;

--
-- AUTO_INCREMENT for table `niveau`
--
ALTER TABLE `niveau`
  MODIFY `idNiveau` bigint(20) NOT NULL AUTO_INCREMENT, AUTO_INCREMENT=10;

--
-- AUTO_INCREMENT for table `role`
--
ALTER TABLE `role`
  MODIFY `idRole` bigint(20) NOT NULL AUTO_INCREMENT, AUTO_INCREMENT=6;

--
-- Constraints for dumped tables
--

--
-- Constraints for table `cadreadministrateur`
--
ALTER TABLE `cadreadministrateur`
  ADD CONSTRAINT `FKq2jdlid8esk1jlagny4qhrh2k` FOREIGN KEY (`idCardreAdmin`) REFERENCES `utilisateur` (`idUtilisateur`);

--
-- Constraints for table `compte`
--
ALTER TABLE `compte`
  ADD CONSTRAINT `FK4me3b7yms83bsk757qlkk5icm` FOREIGN KEY (`idUtilisateur`) REFERENCES `utilisateur` (`idUtilisateur`),
  ADD CONSTRAINT `FK6rqvo0g5sv97xlbrragf5rwn3` FOREIGN KEY (`idRole`) REFERENCES `role` (`idRole`);

--
-- Constraints for table `element`
--
ALTER TABLE `element`
  ADD CONSTRAINT `FKpy7uud3qt1x365dnkff4f41l8` FOREIGN KEY (`idModule`) REFERENCES `module` (`idModule`);

--
-- Constraints for table `enseignant`
--
ALTER TABLE `enseignant`
  ADD CONSTRAINT `FKnco49nku9602ncr6svnt011jl` FOREIGN KEY (`idEnseignant`) REFERENCES `utilisateur` (`idUtilisateur`);

--
-- Constraints for table `etudiant`
--
ALTER TABLE `etudiant`
  ADD CONSTRAINT `FKkku0boly4both705vo0fri81c` FOREIGN KEY (`idEtudiant`) REFERENCES `utilisateur` (`idUtilisateur`);

--
-- Constraints for table `filiere`
--
ALTER TABLE `filiere`
  ADD CONSTRAINT `FKiq32k3166jl9athnr57bw6p4b` FOREIGN KEY (`idEnseignant`) REFERENCES `enseignant` (`idEnseignant`);

--
-- Constraints for table `inscriptionannuelle`
--
ALTER TABLE `inscriptionannuelle`
  ADD CONSTRAINT `FK9lrdmhkam481adiwotdpqo8w` FOREIGN KEY (`idNiveau`) REFERENCES `niveau` (`idNiveau`),
  ADD CONSTRAINT `FKge2xwqtfeqnojw9no8og6vbqn` FOREIGN KEY (`idEtudiant`) REFERENCES `etudiant` (`idEtudiant`);

--
-- Constraints for table `inscriptionmatiere`
--
ALTER TABLE `inscriptionmatiere`
  ADD CONSTRAINT `FK6om7ooil7qy2ipbtocv7hqrwo` FOREIGN KEY (`idMatiere`) REFERENCES `element` (`idMatiere`),
  ADD CONSTRAINT `FKdrefbosgrrf561bghbosk681q` FOREIGN KEY (`idInscription`) REFERENCES `inscriptionannuelle` (`idInscription`);

--
-- Constraints for table `inscriptionmodule`
--
ALTER TABLE `inscriptionmodule`
  ADD CONSTRAINT `FK2rp4wu9gg4s1yvbannj858m3c` FOREIGN KEY (`idInscription`) REFERENCES `inscriptionannuelle` (`idInscription`),
  ADD CONSTRAINT `FKsfog581rh033dgomu0u7xywgd` FOREIGN KEY (`idModule`) REFERENCES `module` (`idModule`);

--
-- Constraints for table `module`
--
ALTER TABLE `module`
  ADD CONSTRAINT `FK2kgd6okkiatvq3do7akj1cm2k` FOREIGN KEY (`idNiveau`) REFERENCES `niveau` (`idNiveau`),
  ADD CONSTRAINT `FK8gasmkwnlxgdrdk4h8tenvd7n` FOREIGN KEY (`idEnseignant`) REFERENCES `enseignant` (`idEnseignant`);

--
-- Constraints for table `niveau`
--
ALTER TABLE `niveau`
  ADD CONSTRAINT `FK9qvkxk4ayqkjopclmlgoel8d9` FOREIGN KEY (`idFiliere`) REFERENCES `filiere` (`idFiliere`);
--
-- Database: `phpmyadmin`
--
CREATE DATABASE IF NOT EXISTS `phpmyadmin` DEFAULT CHARACTER SET utf8 COLLATE utf8_bin;
USE `phpmyadmin`;

-- --------------------------------------------------------

--
-- Table structure for table `pma__bookmark`
--

CREATE TABLE `pma__bookmark` (
  `id` int(10) UNSIGNED NOT NULL,
  `dbase` varchar(255) COLLATE utf8_bin NOT NULL DEFAULT '',
  `user` varchar(255) COLLATE utf8_bin NOT NULL DEFAULT '',
  `label` varchar(255) CHARACTER SET utf8 NOT NULL DEFAULT '',
  `query` text COLLATE utf8_bin NOT NULL
) ENGINE=InnoDB DEFAULT CHARSET=utf8 COLLATE=utf8_bin COMMENT='Bookmarks';

-- --------------------------------------------------------

--
-- Table structure for table `pma__central_columns`
--

CREATE TABLE `pma__central_columns` (
  `db_name` varchar(64) COLLATE utf8_bin NOT NULL,
  `col_name` varchar(64) COLLATE utf8_bin NOT NULL,
  `col_type` varchar(64) COLLATE utf8_bin NOT NULL,
  `col_length` text COLLATE utf8_bin DEFAULT NULL,
  `col_collation` varchar(64) COLLATE utf8_bin NOT NULL,
  `col_isNull` tinyint(1) NOT NULL,
  `col_extra` varchar(255) COLLATE utf8_bin DEFAULT '',
  `col_default` text COLLATE utf8_bin DEFAULT NULL
) ENGINE=InnoDB DEFAULT CHARSET=utf8 COLLATE=utf8_bin COMMENT='Central list of columns';

-- --------------------------------------------------------

--
-- Table structure for table `pma__column_info`
--

CREATE TABLE `pma__column_info` (
  `id` int(5) UNSIGNED NOT NULL,
  `db_name` varchar(64) COLLATE utf8_bin NOT NULL DEFAULT '',
  `table_name` varchar(64) COLLATE utf8_bin NOT NULL DEFAULT '',
  `column_name` varchar(64) COLLATE utf8_bin NOT NULL DEFAULT '',
  `comment` varchar(255) CHARACTER SET utf8 NOT NULL DEFAULT '',
  `mimetype` varchar(255) CHARACTER SET utf8 NOT NULL DEFAULT '',
  `transformation` varchar(255) COLLATE utf8_bin NOT NULL DEFAULT '',
  `transformation_options` varchar(255) COLLATE utf8_bin NOT NULL DEFAULT '',
  `input_transformation` varchar(255) COLLATE utf8_bin NOT NULL DEFAULT '',
  `input_transformation_options` varchar(255) COLLATE utf8_bin NOT NULL DEFAULT ''
) ENGINE=InnoDB DEFAULT CHARSET=utf8 COLLATE=utf8_bin COMMENT='Column information for phpMyAdmin';

-- --------------------------------------------------------

--
-- Table structure for table `pma__designer_settings`
--

CREATE TABLE `pma__designer_settings` (
  `username` varchar(64) COLLATE utf8_bin NOT NULL,
  `settings_data` text COLLATE utf8_bin NOT NULL
) ENGINE=InnoDB DEFAULT CHARSET=utf8 COLLATE=utf8_bin COMMENT='Settings related to Designer';

--
-- Dumping data for table `pma__designer_settings`
--

INSERT INTO `pma__designer_settings` (`username`, `settings_data`) VALUES
('root', '{\"angular_direct\":\"direct\",\"snap_to_grid\":\"off\",\"relation_lines\":\"true\"}');

-- --------------------------------------------------------

--
-- Table structure for table `pma__export_templates`
--

CREATE TABLE `pma__export_templates` (
  `id` int(5) UNSIGNED NOT NULL,
  `username` varchar(64) COLLATE utf8_bin NOT NULL,
  `export_type` varchar(10) COLLATE utf8_bin NOT NULL,
  `template_name` varchar(64) COLLATE utf8_bin NOT NULL,
  `template_data` text COLLATE utf8_bin NOT NULL
) ENGINE=InnoDB DEFAULT CHARSET=utf8 COLLATE=utf8_bin COMMENT='Saved export templates';

-- --------------------------------------------------------

--
-- Table structure for table `pma__favorite`
--

CREATE TABLE `pma__favorite` (
  `username` varchar(64) COLLATE utf8_bin NOT NULL,
  `tables` text COLLATE utf8_bin NOT NULL
) ENGINE=InnoDB DEFAULT CHARSET=utf8 COLLATE=utf8_bin COMMENT='Favorite tables';

-- --------------------------------------------------------

--
-- Table structure for table `pma__history`
--

CREATE TABLE `pma__history` (
  `id` bigint(20) UNSIGNED NOT NULL,
  `username` varchar(64) COLLATE utf8_bin NOT NULL DEFAULT '',
  `db` varchar(64) COLLATE utf8_bin NOT NULL DEFAULT '',
  `table` varchar(64) COLLATE utf8_bin NOT NULL DEFAULT '',
  `timevalue` timestamp NOT NULL DEFAULT current_timestamp(),
  `sqlquery` text COLLATE utf8_bin NOT NULL
) ENGINE=InnoDB DEFAULT CHARSET=utf8 COLLATE=utf8_bin COMMENT='SQL history for phpMyAdmin';

-- --------------------------------------------------------

--
-- Table structure for table `pma__navigationhiding`
--

CREATE TABLE `pma__navigationhiding` (
  `username` varchar(64) COLLATE utf8_bin NOT NULL,
  `item_name` varchar(64) COLLATE utf8_bin NOT NULL,
  `item_type` varchar(64) COLLATE utf8_bin NOT NULL,
  `db_name` varchar(64) COLLATE utf8_bin NOT NULL,
  `table_name` varchar(64) COLLATE utf8_bin NOT NULL
) ENGINE=InnoDB DEFAULT CHARSET=utf8 COLLATE=utf8_bin COMMENT='Hidden items of navigation tree';

-- --------------------------------------------------------

--
-- Table structure for table `pma__pdf_pages`
--

CREATE TABLE `pma__pdf_pages` (
  `db_name` varchar(64) COLLATE utf8_bin NOT NULL DEFAULT '',
  `page_nr` int(10) UNSIGNED NOT NULL,
  `page_descr` varchar(50) CHARACTER SET utf8 NOT NULL DEFAULT ''
) ENGINE=InnoDB DEFAULT CHARSET=utf8 COLLATE=utf8_bin COMMENT='PDF relation pages for phpMyAdmin';

-- --------------------------------------------------------

--
-- Table structure for table `pma__recent`
--

CREATE TABLE `pma__recent` (
  `username` varchar(64) COLLATE utf8_bin NOT NULL,
  `tables` text COLLATE utf8_bin NOT NULL
) ENGINE=InnoDB DEFAULT CHARSET=utf8 COLLATE=utf8_bin COMMENT='Recently accessed tables';

--
-- Dumping data for table `pma__recent`
--

INSERT INTO `pma__recent` (`username`, `tables`) VALUES
('root', '[{\"db\":\"gs_notes_app\",\"table\":\"enseignant\"},{\"db\":\"gs_notes_app\",\"table\":\"module\"},{\"db\":\"gs_notes_app\",\"table\":\"utilisateur\"},{\"db\":\"gs_notes_app\",\"table\":\"role\"},{\"db\":\"gs_notes_app\",\"table\":\"cadreadministrateur\"},{\"db\":\"gs_notes_app\",\"table\":\"filiere\"},{\"db\":\"gs_notes_app\",\"table\":\"compte\"},{\"db\":\"gs_notes_app\",\"table\":\"niveau\"},{\"db\":\"gs_notes_app\",\"table\":\"element\"},{\"db\":\"gs_notes_app\",\"table\":\"etudiant\"}]');

-- --------------------------------------------------------

--
-- Table structure for table `pma__relation`
--

CREATE TABLE `pma__relation` (
  `master_db` varchar(64) COLLATE utf8_bin NOT NULL DEFAULT '',
  `master_table` varchar(64) COLLATE utf8_bin NOT NULL DEFAULT '',
  `master_field` varchar(64) COLLATE utf8_bin NOT NULL DEFAULT '',
  `foreign_db` varchar(64) COLLATE utf8_bin NOT NULL DEFAULT '',
  `foreign_table` varchar(64) COLLATE utf8_bin NOT NULL DEFAULT '',
  `foreign_field` varchar(64) COLLATE utf8_bin NOT NULL DEFAULT ''
) ENGINE=InnoDB DEFAULT CHARSET=utf8 COLLATE=utf8_bin COMMENT='Relation table';

-- --------------------------------------------------------

--
-- Table structure for table `pma__savedsearches`
--

CREATE TABLE `pma__savedsearches` (
  `id` int(5) UNSIGNED NOT NULL,
  `username` varchar(64) COLLATE utf8_bin NOT NULL DEFAULT '',
  `db_name` varchar(64) COLLATE utf8_bin NOT NULL DEFAULT '',
  `search_name` varchar(64) COLLATE utf8_bin NOT NULL DEFAULT '',
  `search_data` text COLLATE utf8_bin NOT NULL
) ENGINE=InnoDB DEFAULT CHARSET=utf8 COLLATE=utf8_bin COMMENT='Saved searches';

-- --------------------------------------------------------

--
-- Table structure for table `pma__table_coords`
--

CREATE TABLE `pma__table_coords` (
  `db_name` varchar(64) COLLATE utf8_bin NOT NULL DEFAULT '',
  `table_name` varchar(64) COLLATE utf8_bin NOT NULL DEFAULT '',
  `pdf_page_number` int(11) NOT NULL DEFAULT 0,
  `x` float UNSIGNED NOT NULL DEFAULT 0,
  `y` float UNSIGNED NOT NULL DEFAULT 0
) ENGINE=InnoDB DEFAULT CHARSET=utf8 COLLATE=utf8_bin COMMENT='Table coordinates for phpMyAdmin PDF output';

-- --------------------------------------------------------

--
-- Table structure for table `pma__table_info`
--

CREATE TABLE `pma__table_info` (
  `db_name` varchar(64) COLLATE utf8_bin NOT NULL DEFAULT '',
  `table_name` varchar(64) COLLATE utf8_bin NOT NULL DEFAULT '',
  `display_field` varchar(64) COLLATE utf8_bin NOT NULL DEFAULT ''
) ENGINE=InnoDB DEFAULT CHARSET=utf8 COLLATE=utf8_bin COMMENT='Table information for phpMyAdmin';

-- --------------------------------------------------------

--
-- Table structure for table `pma__table_uiprefs`
--

CREATE TABLE `pma__table_uiprefs` (
  `username` varchar(64) COLLATE utf8_bin NOT NULL,
  `db_name` varchar(64) COLLATE utf8_bin NOT NULL,
  `table_name` varchar(64) COLLATE utf8_bin NOT NULL,
  `prefs` text COLLATE utf8_bin NOT NULL,
  `last_update` timestamp NOT NULL DEFAULT current_timestamp() ON UPDATE current_timestamp()
) ENGINE=InnoDB DEFAULT CHARSET=utf8 COLLATE=utf8_bin COMMENT='Tables'' UI preferences';

-- --------------------------------------------------------

--
-- Table structure for table `pma__tracking`
--

CREATE TABLE `pma__tracking` (
  `db_name` varchar(64) COLLATE utf8_bin NOT NULL,
  `table_name` varchar(64) COLLATE utf8_bin NOT NULL,
  `version` int(10) UNSIGNED NOT NULL,
  `date_created` datetime NOT NULL,
  `date_updated` datetime NOT NULL,
  `schema_snapshot` text COLLATE utf8_bin NOT NULL,
  `schema_sql` text COLLATE utf8_bin DEFAULT NULL,
  `data_sql` longtext COLLATE utf8_bin DEFAULT NULL,
  `tracking` set('UPDATE','REPLACE','INSERT','DELETE','TRUNCATE','CREATE DATABASE','ALTER DATABASE','DROP DATABASE','CREATE TABLE','ALTER TABLE','RENAME TABLE','DROP TABLE','CREATE INDEX','DROP INDEX','CREATE VIEW','ALTER VIEW','DROP VIEW') COLLATE utf8_bin DEFAULT NULL,
  `tracking_active` int(1) UNSIGNED NOT NULL DEFAULT 1
) ENGINE=InnoDB DEFAULT CHARSET=utf8 COLLATE=utf8_bin COMMENT='Database changes tracking for phpMyAdmin';

-- --------------------------------------------------------

--
-- Table structure for table `pma__userconfig`
--

CREATE TABLE `pma__userconfig` (
  `username` varchar(64) COLLATE utf8_bin NOT NULL,
  `timevalue` timestamp NOT NULL DEFAULT current_timestamp() ON UPDATE current_timestamp(),
  `config_data` text COLLATE utf8_bin NOT NULL
) ENGINE=InnoDB DEFAULT CHARSET=utf8 COLLATE=utf8_bin COMMENT='User preferences storage for phpMyAdmin';

--
-- Dumping data for table `pma__userconfig`
--

INSERT INTO `pma__userconfig` (`username`, `timevalue`, `config_data`) VALUES
('root', '2022-06-11 09:43:56', '{\"Console\\/Mode\":\"collapse\"}');

-- --------------------------------------------------------

--
-- Table structure for table `pma__usergroups`
--

CREATE TABLE `pma__usergroups` (
  `usergroup` varchar(64) COLLATE utf8_bin NOT NULL,
  `tab` varchar(64) COLLATE utf8_bin NOT NULL,
  `allowed` enum('Y','N') COLLATE utf8_bin NOT NULL DEFAULT 'N'
) ENGINE=InnoDB DEFAULT CHARSET=utf8 COLLATE=utf8_bin COMMENT='User groups with configured menu items';

-- --------------------------------------------------------

--
-- Table structure for table `pma__users`
--

CREATE TABLE `pma__users` (
  `username` varchar(64) COLLATE utf8_bin NOT NULL,
  `usergroup` varchar(64) COLLATE utf8_bin NOT NULL
) ENGINE=InnoDB DEFAULT CHARSET=utf8 COLLATE=utf8_bin COMMENT='Users and their assignments to user groups';

--
-- Indexes for dumped tables
--

--
-- Indexes for table `pma__bookmark`
--
ALTER TABLE `pma__bookmark`
  ADD PRIMARY KEY (`id`);

--
-- Indexes for table `pma__central_columns`
--
ALTER TABLE `pma__central_columns`
  ADD PRIMARY KEY (`db_name`,`col_name`);

--
-- Indexes for table `pma__column_info`
--
ALTER TABLE `pma__column_info`
  ADD PRIMARY KEY (`id`),
  ADD UNIQUE KEY `db_name` (`db_name`,`table_name`,`column_name`);

--
-- Indexes for table `pma__designer_settings`
--
ALTER TABLE `pma__designer_settings`
  ADD PRIMARY KEY (`username`);

--
-- Indexes for table `pma__export_templates`
--
ALTER TABLE `pma__export_templates`
  ADD PRIMARY KEY (`id`),
  ADD UNIQUE KEY `u_user_type_template` (`username`,`export_type`,`template_name`);

--
-- Indexes for table `pma__favorite`
--
ALTER TABLE `pma__favorite`
  ADD PRIMARY KEY (`username`);

--
-- Indexes for table `pma__history`
--
ALTER TABLE `pma__history`
  ADD PRIMARY KEY (`id`),
  ADD KEY `username` (`username`,`db`,`table`,`timevalue`);

--
-- Indexes for table `pma__navigationhiding`
--
ALTER TABLE `pma__navigationhiding`
  ADD PRIMARY KEY (`username`,`item_name`,`item_type`,`db_name`,`table_name`);

--
-- Indexes for table `pma__pdf_pages`
--
ALTER TABLE `pma__pdf_pages`
  ADD PRIMARY KEY (`page_nr`),
  ADD KEY `db_name` (`db_name`);

--
-- Indexes for table `pma__recent`
--
ALTER TABLE `pma__recent`
  ADD PRIMARY KEY (`username`);

--
-- Indexes for table `pma__relation`
--
ALTER TABLE `pma__relation`
  ADD PRIMARY KEY (`master_db`,`master_table`,`master_field`),
  ADD KEY `foreign_field` (`foreign_db`,`foreign_table`);

--
-- Indexes for table `pma__savedsearches`
--
ALTER TABLE `pma__savedsearches`
  ADD PRIMARY KEY (`id`),
  ADD UNIQUE KEY `u_savedsearches_username_dbname` (`username`,`db_name`,`search_name`);

--
-- Indexes for table `pma__table_coords`
--
ALTER TABLE `pma__table_coords`
  ADD PRIMARY KEY (`db_name`,`table_name`,`pdf_page_number`);

--
-- Indexes for table `pma__table_info`
--
ALTER TABLE `pma__table_info`
  ADD PRIMARY KEY (`db_name`,`table_name`);

--
-- Indexes for table `pma__table_uiprefs`
--
ALTER TABLE `pma__table_uiprefs`
  ADD PRIMARY KEY (`username`,`db_name`,`table_name`);

--
-- Indexes for table `pma__tracking`
--
ALTER TABLE `pma__tracking`
  ADD PRIMARY KEY (`db_name`,`table_name`,`version`);

--
-- Indexes for table `pma__userconfig`
--
ALTER TABLE `pma__userconfig`
  ADD PRIMARY KEY (`username`);

--
-- Indexes for table `pma__usergroups`
--
ALTER TABLE `pma__usergroups`
  ADD PRIMARY KEY (`usergroup`,`tab`,`allowed`);

--
-- Indexes for table `pma__users`
--
ALTER TABLE `pma__users`
  ADD PRIMARY KEY (`username`,`usergroup`);

--
-- AUTO_INCREMENT for dumped tables
--

--
-- AUTO_INCREMENT for table `pma__bookmark`
--
ALTER TABLE `pma__bookmark`
  MODIFY `id` int(10) UNSIGNED NOT NULL AUTO_INCREMENT;

--
-- AUTO_INCREMENT for table `pma__column_info`
--
ALTER TABLE `pma__column_info`
  MODIFY `id` int(5) UNSIGNED NOT NULL AUTO_INCREMENT;

--
-- AUTO_INCREMENT for table `pma__export_templates`
--
ALTER TABLE `pma__export_templates`
  MODIFY `id` int(5) UNSIGNED NOT NULL AUTO_INCREMENT;

--
-- AUTO_INCREMENT for table `pma__history`
--
ALTER TABLE `pma__history`
  MODIFY `id` bigint(20) UNSIGNED NOT NULL AUTO_INCREMENT;

--
-- AUTO_INCREMENT for table `pma__pdf_pages`
--
ALTER TABLE `pma__pdf_pages`
  MODIFY `page_nr` int(10) UNSIGNED NOT NULL AUTO_INCREMENT;

--
-- AUTO_INCREMENT for table `pma__savedsearches`
--
ALTER TABLE `pma__savedsearches`
  MODIFY `id` int(5) UNSIGNED NOT NULL AUTO_INCREMENT;
--
-- Database: `test`
--
CREATE DATABASE IF NOT EXISTS `test` DEFAULT CHARACTER SET latin1 COLLATE latin1_swedish_ci;
USE `test`;
COMMIT;

/*!40101 SET CHARACTER_SET_CLIENT=@OLD_CHARACTER_SET_CLIENT */;
/*!40101 SET CHARACTER_SET_RESULTS=@OLD_CHARACTER_SET_RESULTS */;
/*!40101 SET COLLATION_CONNECTION=@OLD_COLLATION_CONNECTION */;
